,criterion,thresh,fp,tp,fn,precision,recall,accuracy,f1,n_true,n_pred,mean_true_score,mean_matched_score,panoptic_quality,by_image
0,iou,0.1,0,5,1,1.0,0.8333333333333334,0.8333333333333334,0.9090909090909091,6,5,0.6698022385438284,0.803762686252594,0.7306933511387218,False
1,iou,0.2,0,5,1,1.0,0.8333333333333334,0.8333333333333334,0.9090909090909091,6,5,0.6698022385438284,0.803762686252594,0.7306933511387218,False
2,iou,0.3,0,5,1,1.0,0.8333333333333334,0.8333333333333334,0.9090909090909091,6,5,0.6698022385438284,0.803762686252594,0.7306933511387218,False
3,iou,0.4,0,5,1,1.0,0.8333333333333334,0.8333333333333334,0.9090909090909091,6,5,0.6698022385438284,0.803762686252594,0.7306933511387218,False
4,iou,0.5,0,5,1,1.0,0.8333333333333334,0.8333333333333334,0.9090909090909091,6,5,0.6698022385438284,0.803762686252594,0.7306933511387218,False
5,iou,0.6,0,5,1,1.0,0.8333333333333334,0.8333333333333334,0.9090909090909091,6,5,0.6698022385438284,0.803762686252594,0.7306933511387218,False
6,iou,0.7,1,4,2,0.8,0.6666666666666666,0.5714285714285714,0.7272727272727273,6,5,0.5660534203052521,0.8490801304578781,0.6175128221511841,False
7,iou,0.8,2,3,3,0.6,0.5,0.375,0.5454545454545454,6,5,0.43580804268519086,0.8716160853703817,0.47542695565657184,False
8,iou,0.9,5,0,6,0.0,0.0,0.0,0.0,6,5,0.0,0.0,0.0,False
