,criterion,thresh,fp,tp,fn,precision,recall,accuracy,f1,n_true,n_pred,mean_true_score,mean_matched_score,panoptic_quality,by_image
0,iou,0.1,1588,2,7,0.0012578616352201257,0.2222222222222222,0.0012523481527864746,0.0025015634771732333,9,1590,0.0783267617225647,0.35247042775154114,0.0008817271488468821,False
1,iou,0.2,1588,2,7,0.0012578616352201257,0.2222222222222222,0.0012523481527864746,0.0025015634771732333,9,1590,0.0783267617225647,0.35247042775154114,0.0008817271488468821,False
2,iou,0.3,1588,2,7,0.0012578616352201257,0.2222222222222222,0.0012523481527864746,0.0025015634771732333,9,1590,0.0783267617225647,0.35247042775154114,0.0008817271488468821,False
3,iou,0.4,1590,0,9,0.0,0.0,0.0,0.0,9,1590,0.0,0.0,0.0,False
4,iou,0.5,1590,0,9,0.0,0.0,0.0,0.0,9,1590,0.0,0.0,0.0,False
5,iou,0.6,1590,0,9,0.0,0.0,0.0,0.0,9,1590,0.0,0.0,0.0,False
6,iou,0.7,1590,0,9,0.0,0.0,0.0,0.0,9,1590,0.0,0.0,0.0,False
7,iou,0.8,1590,0,9,0.0,0.0,0.0,0.0,9,1590,0.0,0.0,0.0,False
8,iou,0.9,1590,0,9,0.0,0.0,0.0,0.0,9,1590,0.0,0.0,0.0,False
