,criterion,thresh,fp,tp,fn,precision,recall,accuracy,f1,n_true,n_pred,mean_true_score,mean_matched_score,panoptic_quality,by_image
0,iou,0.1,3,5,2,0.625,0.7142857142857143,0.5,0.6666666666666666,7,8,0.5222430144037519,0.7311402201652527,0.4874268134435018,False
1,iou,0.2,3,5,2,0.625,0.7142857142857143,0.5,0.6666666666666666,7,8,0.5222430144037519,0.7311402201652527,0.4874268134435018,False
2,iou,0.3,3,5,2,0.625,0.7142857142857143,0.5,0.6666666666666666,7,8,0.5222430144037519,0.7311402201652527,0.4874268134435018,False
3,iou,0.4,3,5,2,0.625,0.7142857142857143,0.5,0.6666666666666666,7,8,0.5222430144037519,0.7311402201652527,0.4874268134435018,False
4,iou,0.5,4,4,3,0.5,0.5714285714285714,0.36363636363636365,0.5333333333333333,7,8,0.46410404784338816,0.8121820837259293,0.43316377798716227,False
5,iou,0.6,4,4,3,0.5,0.5714285714285714,0.36363636363636365,0.5333333333333333,7,8,0.46410404784338816,0.8121820837259293,0.43316377798716227,False
6,iou,0.7,4,4,3,0.5,0.5714285714285714,0.36363636363636365,0.5333333333333333,7,8,0.46410404784338816,0.8121820837259293,0.43316377798716227,False
7,iou,0.8,6,2,5,0.25,0.2857142857142857,0.15384615384615385,0.26666666666666666,7,8,0.24785421575818742,0.867489755153656,0.23133060137430828,False
8,iou,0.9,8,0,7,0.0,0.0,0.0,0.0,7,8,0.0,0.0,0.0,False
