,criterion,thresh,fp,tp,fn,precision,recall,accuracy,f1,n_true,n_pred,mean_true_score,mean_matched_score,panoptic_quality,by_image
0,iou,0.1,1497,1,10,0.0006675567423230974,0.09090909090909091,0.000663129973474801,0.0013253810470510272,11,1498,0.045484721660614014,0.5003319382667542,0.0006631304682130605,False
1,iou,0.2,1497,1,10,0.0006675567423230974,0.09090909090909091,0.000663129973474801,0.0013253810470510272,11,1498,0.045484721660614014,0.5003319382667542,0.0006631304682130605,False
2,iou,0.3,1497,1,10,0.0006675567423230974,0.09090909090909091,0.000663129973474801,0.0013253810470510272,11,1498,0.045484721660614014,0.5003319382667542,0.0006631304682130605,False
3,iou,0.4,1497,1,10,0.0006675567423230974,0.09090909090909091,0.000663129973474801,0.0013253810470510272,11,1498,0.045484721660614014,0.5003319382667542,0.0006631304682130605,False
4,iou,0.5,1497,1,10,0.0006675567423230974,0.09090909090909091,0.000663129973474801,0.0013253810470510272,11,1498,0.045484721660614014,0.5003319382667542,0.0006631304682130605,False
5,iou,0.6,1498,0,11,0.0,0.0,0.0,0.0,11,1498,0.0,0.0,0.0,False
6,iou,0.7,1498,0,11,0.0,0.0,0.0,0.0,11,1498,0.0,0.0,0.0,False
7,iou,0.8,1498,0,11,0.0,0.0,0.0,0.0,11,1498,0.0,0.0,0.0,False
8,iou,0.9,1498,0,11,0.0,0.0,0.0,0.0,11,1498,0.0,0.0,0.0,False
