,criterion,thresh,fp,tp,fn,precision,recall,accuracy,f1,n_true,n_pred,mean_true_score,mean_matched_score,panoptic_quality,by_image
0,iou,0.1,3,5,0,0.625,1.0,0.625,0.7692307692307693,5,8,0.8482492804527283,0.8482492804527283,0.6524994465020987,False
1,iou,0.2,3,5,0,0.625,1.0,0.625,0.7692307692307693,5,8,0.8482492804527283,0.8482492804527283,0.6524994465020987,False
2,iou,0.3,3,5,0,0.625,1.0,0.625,0.7692307692307693,5,8,0.8482492804527283,0.8482492804527283,0.6524994465020987,False
3,iou,0.4,3,5,0,0.625,1.0,0.625,0.7692307692307693,5,8,0.8482492804527283,0.8482492804527283,0.6524994465020987,False
4,iou,0.5,3,5,0,0.625,1.0,0.625,0.7692307692307693,5,8,0.8482492804527283,0.8482492804527283,0.6524994465020987,False
5,iou,0.6,3,5,0,0.625,1.0,0.625,0.7692307692307693,5,8,0.8482492804527283,0.8482492804527283,0.6524994465020987,False
6,iou,0.7,3,5,0,0.625,1.0,0.625,0.7692307692307693,5,8,0.8482492804527283,0.8482492804527283,0.6524994465020987,False
7,iou,0.8,4,4,1,0.5,0.8,0.4444444444444444,0.6153846153846154,5,8,0.689583957195282,0.8619799464941025,0.5304491978425246,False
8,iou,0.9,8,0,5,0.0,0.0,0.0,0.0,5,8,0.0,0.0,0.0,False
