,criterion,thresh,fp,tp,fn,precision,recall,accuracy,f1,n_true,n_pred,mean_true_score,mean_matched_score,panoptic_quality,by_image
0,iou,0.1,1214,2,9,0.001644736842105263,0.18181818181818182,0.0016326530612244899,0.0032599837000814994,11,1216,0.09439479424194856,0.5191713683307171,0.0016924901983071461,False
1,iou,0.2,1215,1,10,0.0008223684210526315,0.09090909090909091,0.0008156606851549756,0.0016299918500407497,11,1216,0.08508073199879039,0.9358880519866943,0.0015254898972888254,False
2,iou,0.3,1215,1,10,0.0008223684210526315,0.09090909090909091,0.0008156606851549756,0.0016299918500407497,11,1216,0.08508073199879039,0.9358880519866943,0.0015254898972888254,False
3,iou,0.4,1215,1,10,0.0008223684210526315,0.09090909090909091,0.0008156606851549756,0.0016299918500407497,11,1216,0.08508073199879039,0.9358880519866943,0.0015254898972888254,False
4,iou,0.5,1215,1,10,0.0008223684210526315,0.09090909090909091,0.0008156606851549756,0.0016299918500407497,11,1216,0.08508073199879039,0.9358880519866943,0.0015254898972888254,False
5,iou,0.6,1215,1,10,0.0008223684210526315,0.09090909090909091,0.0008156606851549756,0.0016299918500407497,11,1216,0.08508073199879039,0.9358880519866943,0.0015254898972888254,False
6,iou,0.7,1215,1,10,0.0008223684210526315,0.09090909090909091,0.0008156606851549756,0.0016299918500407497,11,1216,0.08508073199879039,0.9358880519866943,0.0015254898972888254,False
7,iou,0.8,1215,1,10,0.0008223684210526315,0.09090909090909091,0.0008156606851549756,0.0016299918500407497,11,1216,0.08508073199879039,0.9358880519866943,0.0015254898972888254,False
8,iou,0.9,1215,1,10,0.0008223684210526315,0.09090909090909091,0.0008156606851549756,0.0016299918500407497,11,1216,0.08508073199879039,0.9358880519866943,0.0015254898972888254,False
