,criterion,thresh,fp,tp,fn,precision,recall,accuracy,f1,n_true,n_pred,mean_true_score,mean_matched_score,panoptic_quality,by_image
0,iou,0.1,5,5,0,0.5,1.0,0.5,0.6666666666666666,5,10,0.7464938521385193,0.7464938521385193,0.4976625680923462,False
1,iou,0.2,5,5,0,0.5,1.0,0.5,0.6666666666666666,5,10,0.7464938521385193,0.7464938521385193,0.4976625680923462,False
2,iou,0.3,5,5,0,0.5,1.0,0.5,0.6666666666666666,5,10,0.7464938521385193,0.7464938521385193,0.4976625680923462,False
3,iou,0.4,5,5,0,0.5,1.0,0.5,0.6666666666666666,5,10,0.7464938521385193,0.7464938521385193,0.4976625680923462,False
4,iou,0.5,6,4,1,0.4,0.8,0.36363636363636365,0.5333333333333333,5,10,0.6544381141662597,0.8180476427078247,0.43629207611083987,False
5,iou,0.6,6,4,1,0.4,0.8,0.36363636363636365,0.5333333333333333,5,10,0.6544381141662597,0.8180476427078247,0.43629207611083987,False
6,iou,0.7,7,3,2,0.3,0.6,0.25,0.4,5,10,0.5256075382232666,0.8760125637054443,0.3504050254821777,False
7,iou,0.8,7,3,2,0.3,0.6,0.25,0.4,5,10,0.5256075382232666,0.8760125637054443,0.3504050254821777,False
8,iou,0.9,9,1,4,0.1,0.2,0.07142857142857142,0.13333333333333333,5,10,0.1815843939781189,0.9079219698905945,0.12105626265207926,False
