,criterion,thresh,fp,tp,fn,precision,recall,accuracy,f1,n_true,n_pred,mean_true_score,mean_matched_score,panoptic_quality,by_image
0,iou,0.1,1427,2,9,0.0013995801259622112,0.18181818181818182,0.0013908205841446453,0.002777777777777778,11,1429,0.04223271798003803,0.2322799488902092,0.0006452220802505811,False
1,iou,0.2,1428,1,10,0.0006997900629811056,0.09090909090909091,0.0006949270326615705,0.001388888888888889,11,1429,0.030418796972794968,0.33460676670074463,0.00046473162041770085,False
2,iou,0.3,1428,1,10,0.0006997900629811056,0.09090909090909091,0.0006949270326615705,0.001388888888888889,11,1429,0.030418796972794968,0.33460676670074463,0.00046473162041770085,False
3,iou,0.4,1429,0,11,0.0,0.0,0.0,0.0,11,1429,0.0,0.0,0.0,False
4,iou,0.5,1429,0,11,0.0,0.0,0.0,0.0,11,1429,0.0,0.0,0.0,False
5,iou,0.6,1429,0,11,0.0,0.0,0.0,0.0,11,1429,0.0,0.0,0.0,False
6,iou,0.7,1429,0,11,0.0,0.0,0.0,0.0,11,1429,0.0,0.0,0.0,False
7,iou,0.8,1429,0,11,0.0,0.0,0.0,0.0,11,1429,0.0,0.0,0.0,False
8,iou,0.9,1429,0,11,0.0,0.0,0.0,0.0,11,1429,0.0,0.0,0.0,False
